<metadata xml:lang="en"><Esri><CreaDate>20220309</CreaDate><CreaTime>08193100</CreaTime><ArcGISFormat>1.0</ArcGISFormat><SyncOnce>FALSE</SyncOnce><DataProperties><itemProps><itemName Sync="TRUE">india_shapefile</itemName><imsContentType Sync="TRUE">002</imsContentType><itemLocation><linkage Sync="TRUE">file://\\OAK\D$\Documents\Clarkson\COVID India Visualization\Map of India_Shapefile\india_shapefile.shp</linkage><protocol Sync="TRUE">Local Area Network</protocol></itemLocation><itemSize Sync="TRUE">0.000</itemSize></itemProps><coordRef><type Sync="TRUE">Geographic</type><geogcsn Sync="TRUE">GCS_WGS_1984</geogcsn><csUnits Sync="TRUE">Angular Unit: Degree (0.017453)</csUnits><peXml Sync="TRUE">&lt;GeographicCoordinateSystem xsi:type='typens:GeographicCoordinateSystem' xmlns:xsi='http://www.w3.org/2001/XMLSchema-instance' xmlns:xs='http://www.w3.org/2001/XMLSchema' xmlns:typens='http://www.esri.com/schemas/ArcGIS/2.9.0'&gt;&lt;WKT&gt;GEOGCS[&amp;quot;GCS_WGS_1984&amp;quot;,DATUM[&amp;quot;D_WGS_1984&amp;quot;,SPHEROID[&amp;quot;WGS_1984&amp;quot;,6378137.0,298.257223563]],PRIMEM[&amp;quot;Greenwich&amp;quot;,0.0],UNIT[&amp;quot;Degree&amp;quot;,0.0174532925199433],AUTHORITY[&amp;quot;EPSG&amp;quot;,4326]]&lt;/WKT&gt;&lt;XOrigin&gt;-400&lt;/XOrigin&gt;&lt;YOrigin&gt;-400&lt;/YOrigin&gt;&lt;XYScale&gt;11258999068426.238&lt;/XYScale&gt;&lt;ZOrigin&gt;-100000&lt;/ZOrigin&gt;&lt;ZScale&gt;10000&lt;/ZScale&gt;&lt;MOrigin&gt;-100000&lt;/MOrigin&gt;&lt;MScale&gt;10000&lt;/MScale&gt;&lt;XYTolerance&gt;8.983152841195215e-09&lt;/XYTolerance&gt;&lt;ZTolerance&gt;0.001&lt;/ZTolerance&gt;&lt;MTolerance&gt;0.001&lt;/MTolerance&gt;&lt;HighPrecision&gt;true&lt;/HighPrecision&gt;&lt;LeftLongitude&gt;-180&lt;/LeftLongitude&gt;&lt;WKID&gt;4326&lt;/WKID&gt;&lt;LatestWKID&gt;4326&lt;/LatestWKID&gt;&lt;/GeographicCoordinateSystem&gt;</peXml></coordRef><lineage><Process ToolSource="c:\program files\arcgis\pro\Resources\ArcToolbox\toolboxes\Conversion Tools.tbx\FeatureClassToFeatureClass" Date="20220309" Time="081931">FeatureClassToFeatureClass mw277wc3858 "D:\Documents\Clarkson\COVID India Visualization\Covid_India.gdb" state_shoreline # "id_0 "id_0" true true false 33 Double 15 32,First,#,mw277wc3858,id_0,-1,-1;iso "iso" true true false 254 Text 0 0,First,#,mw277wc3858,iso,0,254;name_0 "name_0" true true false 254 Text 0 0,First,#,mw277wc3858,name_0,0,254;id_1 "id_1" true true false 33 Double 15 32,First,#,mw277wc3858,id_1,-1,-1;name_1 "name_1" true true false 254 Text 0 0,First,#,mw277wc3858,name_1,0,254;hasc_1 "hasc_1" true true false 254 Text 0 0,First,#,mw277wc3858,hasc_1,0,254;ccn_1 "ccn_1" true true false 33 Double 15 32,First,#,mw277wc3858,ccn_1,-1,-1;cca_1 "cca_1" true true false 254 Text 0 0,First,#,mw277wc3858,cca_1,0,254;type_1 "type_1" true true false 254 Text 0 0,First,#,mw277wc3858,type_1,0,254;engtype_1 "engtype_1" true true false 254 Text 0 0,First,#,mw277wc3858,engtype_1,0,254;nl_name_1 "nl_name_1" true true false 254 Text 0 0,First,#,mw277wc3858,nl_name_1,0,254;varname_1 "varname_1" true true false 254 Text 0 0,First,#,mw277wc3858,varname_1,0,254" #</Process><Process ToolSource="c:\program files\arcgis\pro\Resources\ArcToolbox\toolboxes\Conversion Tools.tbx\FeatureClassToFeatureClass" Date="20220309" Time="093408">FeatureClassToFeatureClass state_shoreline "D:\Documents\Clarkson\COVID India Visualization\Covid_India.gdb" states_shoreline # "id_0 "id_0" true true false 8 Double 0 0,First,#,state_shoreline,id_0,-1,-1;iso "iso" true true false 254 Text 0 0,First,#,state_shoreline,iso,0,254;name_0 "name_0" true true false 254 Text 0 0,First,#,state_shoreline,name_0,0,254;id_1 "id_1" true true false 8 Double 0 0,First,#,state_shoreline,id_1,-1,-1;name_1 "name_1" true true false 254 Text 0 0,First,#,state_shoreline,name_1,0,254;hasc_1 "hasc_1" true true false 254 Text 0 0,First,#,state_shoreline,hasc_1,0,254;ccn_1 "ccn_1" true true false 8 Double 0 0,First,#,state_shoreline,ccn_1,-1,-1;cca_1 "cca_1" true true false 254 Text 0 0,First,#,state_shoreline,cca_1,0,254;type_1 "type_1" true true false 254 Text 0 0,First,#,state_shoreline,type_1,0,254;engtype_1 "engtype_1" true true false 254 Text 0 0,First,#,state_shoreline,engtype_1,0,254;nl_name_1 "nl_name_1" true true false 254 Text 0 0,First,#,state_shoreline,nl_name_1,0,254;varname_1 "varname_1" true true false 254 Text 0 0,First,#,state_shoreline,varname_1,0,254;Shape_Length "Shape_Length" false true true 8 Double 0 0,First,#,state_shoreline,Shape_Length,-1,-1;Shape_Area "Shape_Area" false true true 8 Double 0 0,First,#,state_shoreline,Shape_Area,-1,-1" #</Process><Process ToolSource="c:\program files\arcgis\pro\Resources\ArcToolbox\toolboxes\Conversion Tools.tbx\FeatureClassToFeatureClass" Date="20220309" Time="103204">FeatureClassToFeatureClass states_merged_shoreline "D:\Documents\Clarkson\COVID India Visualization\Covid_India.gdb" states_merged_shoreline # "id_0 "id_0" true true false 8 Double 0 0,First,#,states_merged_shoreline,id_0,-1,-1;iso "iso" true true false 254 Text 0 0,First,#,states_merged_shoreline,iso,0,254;name_0 "name_0" true true false 254 Text 0 0,First,#,states_merged_shoreline,name_0,0,254;id_1 "id_1" true true false 8 Double 0 0,First,#,states_merged_shoreline,id_1,-1,-1;name_1 "name_1" true true false 254 Text 0 0,First,#,states_merged_shoreline,name_1,0,254;hasc_1 "hasc_1" true true false 254 Text 0 0,First,#,states_merged_shoreline,hasc_1,0,254;ccn_1 "ccn_1" true true false 8 Double 0 0,First,#,states_merged_shoreline,ccn_1,-1,-1;cca_1 "cca_1" true true false 254 Text 0 0,First,#,states_merged_shoreline,cca_1,0,254;type_1 "type_1" true true false 254 Text 0 0,First,#,states_merged_shoreline,type_1,0,254;engtype_1 "engtype_1" true true false 254 Text 0 0,First,#,states_merged_shoreline,engtype_1,0,254;nl_name_1 "nl_name_1" true true false 254 Text 0 0,First,#,states_merged_shoreline,nl_name_1,0,254;varname_1 "varname_1" true true false 254 Text 0 0,First,#,states_merged_shoreline,varname_1,0,254;Shape_Length "Shape_Length" false true true 8 Double 0 0,First,#,states_merged_shoreline,Shape_Length,-1,-1;Shape_Area "Shape_Area" false true true 8 Double 0 0,First,#,states_merged_shoreline,Shape_Area,-1,-1" #</Process><Process ToolSource="c:\program files\arcgis\pro\Resources\ArcToolbox\toolboxes\Conversion Tools.tbx\FeatureClassToFeatureClass" Date="20220408" Time="105409">FeatureClassToFeatureClass "D:\Documents\Clarkson\COVID India Visualization\Covid_India.gdb\states_merged_shoreline" "D:\Documents\Clarkson\COVID India Visualization\Map of India_Shapefile" india_shapefile.shp # "id_0 "id_0" true true false 8 Double 0 0,First,#,D:\Documents\Clarkson\COVID India Visualization\Covid_India.gdb\states_merged_shoreline,id_0,-1,-1;iso "iso" true true false 254 Text 0 0,First,#,D:\Documents\Clarkson\COVID India Visualization\Covid_India.gdb\states_merged_shoreline,iso,0,254;name_0 "name_0" true true false 254 Text 0 0,First,#,D:\Documents\Clarkson\COVID India Visualization\Covid_India.gdb\states_merged_shoreline,name_0,0,254;id_1 "id_1" true true false 8 Double 0 0,First,#,D:\Documents\Clarkson\COVID India Visualization\Covid_India.gdb\states_merged_shoreline,id_1,-1,-1;name_1 "name_1" true true false 254 Text 0 0,First,#,D:\Documents\Clarkson\COVID India Visualization\Covid_India.gdb\states_merged_shoreline,name_1,0,254;hasc_1 "hasc_1" true true false 254 Text 0 0,First,#,D:\Documents\Clarkson\COVID India Visualization\Covid_India.gdb\states_merged_shoreline,hasc_1,0,254;ccn_1 "ccn_1" true true false 8 Double 0 0,First,#,D:\Documents\Clarkson\COVID India Visualization\Covid_India.gdb\states_merged_shoreline,ccn_1,-1,-1;cca_1 "cca_1" true true false 254 Text 0 0,First,#,D:\Documents\Clarkson\COVID India Visualization\Covid_India.gdb\states_merged_shoreline,cca_1,0,254;type_1 "type_1" true true false 254 Text 0 0,First,#,D:\Documents\Clarkson\COVID India Visualization\Covid_India.gdb\states_merged_shoreline,type_1,0,254;engtype_1 "engtype_1" true true false 254 Text 0 0,First,#,D:\Documents\Clarkson\COVID India Visualization\Covid_India.gdb\states_merged_shoreline,engtype_1,0,254;nl_name_1 "nl_name_1" true true false 254 Text 0 0,First,#,D:\Documents\Clarkson\COVID India Visualization\Covid_India.gdb\states_merged_shoreline,nl_name_1,0,254;varname_1 "varname_1" true true false 254 Text 0 0,First,#,D:\Documents\Clarkson\COVID India Visualization\Covid_India.gdb\states_merged_shoreline,varname_1,0,254;Shape_Length "Shape_Length" false true true 8 Double 0 0,First,#,D:\Documents\Clarkson\COVID India Visualization\Covid_India.gdb\states_merged_shoreline,Shape_Length,-1,-1;Shape_Area "Shape_Area" false true true 8 Double 0 0,First,#,D:\Documents\Clarkson\COVID India Visualization\Covid_India.gdb\states_merged_shoreline,Shape_Area,-1,-1" #</Process></lineage></DataProperties><SyncDate>20220408</SyncDate><SyncTime>10540800</SyncTime><ModDate>20220408</ModDate><ModTime>10540800</ModTime></Esri><dataIdInfo><envirDesc Sync="TRUE">Microsoft Windows 10 Version 10.0 (Build 22000) ; Esri ArcGIS 12.9.0.32739</envirDesc><dataLang><languageCode value="eng" Sync="TRUE"></languageCode><countryCode value="NGA" Sync="TRUE"></countryCode></dataLang><idCitation><resTitle Sync="TRUE">india_shapefile</resTitle><presForm><PresFormCd value="005" Sync="TRUE"></PresFormCd></presForm></idCitation><spatRpType><SpatRepTypCd value="001" Sync="TRUE"></SpatRepTypCd></spatRpType></dataIdInfo><mdLang><languageCode value="eng" Sync="TRUE"></languageCode><countryCode value="NGA" Sync="TRUE"></countryCode></mdLang><distInfo><distFormat><formatName Sync="TRUE">Shapefile</formatName></distFormat><distTranOps><transSize Sync="TRUE">0.000</transSize></distTranOps></distInfo><mdHrLv><ScopeCd value="005" Sync="TRUE"></ScopeCd></mdHrLv><mdHrLvName Sync="TRUE">dataset</mdHrLvName><refSysInfo><RefSystem><refSysID><identCode code="4326" Sync="TRUE"></identCode><idCodeSpace Sync="TRUE">EPSG</idCodeSpace><idVersion Sync="TRUE">6.2(3.0.1)</idVersion></refSysID></RefSystem></refSysInfo><spatRepInfo><VectSpatRep><geometObjs Name="india_shapefile"><geoObjTyp><GeoObjTypCd value="002" Sync="TRUE"></GeoObjTypCd></geoObjTyp><geoObjCnt Sync="TRUE">0</geoObjCnt></geometObjs><topLvl><TopoLevCd value="001" Sync="TRUE"></TopoLevCd></topLvl></VectSpatRep></spatRepInfo><spdoinfo><ptvctinf><esriterm Name="india_shapefile"><efeatyp Sync="TRUE">Simple</efeatyp><efeageom code="4" Sync="TRUE"></efeageom><esritopo Sync="TRUE">FALSE</esritopo><efeacnt Sync="TRUE">0</efeacnt><spindex Sync="TRUE">FALSE</spindex><linrefer Sync="TRUE">FALSE</linrefer></esriterm></ptvctinf></spdoinfo><eainfo><detailed Name="india_shapefile"><enttyp><enttypl Sync="TRUE">india_shapefile</enttypl><enttypt Sync="TRUE">Feature Class</enttypt><enttypc Sync="TRUE">0</enttypc></enttyp><attr><attrlabl Sync="TRUE">FID</attrlabl><attalias Sync="TRUE">FID</attalias><attrtype Sync="TRUE">OID</attrtype><attwidth Sync="TRUE">4</attwidth><atprecis Sync="TRUE">0</atprecis><attscale Sync="TRUE">0</attscale><attrdef Sync="TRUE">Internal feature number.</attrdef><attrdefs Sync="TRUE">Esri</attrdefs><attrdomv><udom Sync="TRUE">Sequential unique whole numbers that are automatically generated.</udom></attrdomv></attr><attr><attrlabl Sync="TRUE">Shape</attrlabl><attalias Sync="TRUE">Shape</attalias><attrtype Sync="TRUE">Geometry</attrtype><attwidth Sync="TRUE">0</attwidth><atprecis Sync="TRUE">0</atprecis><attscale Sync="TRUE">0</attscale><attrdef Sync="TRUE">Feature geometry.</attrdef><attrdefs Sync="TRUE">Esri</attrdefs><attrdomv><udom Sync="TRUE">Coordinates defining the features.</udom></attrdomv></attr><attr><attrlabl Sync="TRUE">id_0</attrlabl><attalias Sync="TRUE">id_0</attalias><attrtype Sync="TRUE">Double</attrtype><attwidth Sync="TRUE">19</attwidth><atprecis Sync="TRUE">0</atprecis><attscale Sync="TRUE">0</attscale></attr><attr><attrlabl Sync="TRUE">iso</attrlabl><attalias Sync="TRUE">iso</attalias><attrtype Sync="TRUE">String</attrtype><attwidth Sync="TRUE">254</attwidth><atprecis Sync="TRUE">0</atprecis><attscale Sync="TRUE">0</attscale></attr><attr><attrlabl Sync="TRUE">name_0</attrlabl><attalias Sync="TRUE">name_0</attalias><attrtype Sync="TRUE">String</attrtype><attwidth Sync="TRUE">254</attwidth><atprecis Sync="TRUE">0</atprecis><attscale Sync="TRUE">0</attscale></attr><attr><attrlabl Sync="TRUE">id_1</attrlabl><attalias Sync="TRUE">id_1</attalias><attrtype Sync="TRUE">Double</attrtype><attwidth Sync="TRUE">19</attwidth><atprecis Sync="TRUE">0</atprecis><attscale Sync="TRUE">0</attscale></attr><attr><attrlabl Sync="TRUE">name_1</attrlabl><attalias Sync="TRUE">name_1</attalias><attrtype Sync="TRUE">String</attrtype><attwidth Sync="TRUE">254</attwidth><atprecis Sync="TRUE">0</atprecis><attscale Sync="TRUE">0</attscale></attr><attr><attrlabl Sync="TRUE">hasc_1</attrlabl><attalias Sync="TRUE">hasc_1</attalias><attrtype Sync="TRUE">String</attrtype><attwidth Sync="TRUE">254</attwidth><atprecis Sync="TRUE">0</atprecis><attscale Sync="TRUE">0</attscale></attr><attr><attrlabl Sync="TRUE">ccn_1</attrlabl><attalias Sync="TRUE">ccn_1</attalias><attrtype Sync="TRUE">Double</attrtype><attwidth Sync="TRUE">19</attwidth><atprecis Sync="TRUE">0</atprecis><attscale Sync="TRUE">0</attscale></attr><attr><attrlabl Sync="TRUE">cca_1</attrlabl><attalias Sync="TRUE">cca_1</attalias><attrtype Sync="TRUE">String</attrtype><attwidth Sync="TRUE">254</attwidth><atprecis Sync="TRUE">0</atprecis><attscale Sync="TRUE">0</attscale></attr><attr><attrlabl Sync="TRUE">type_1</attrlabl><attalias Sync="TRUE">type_1</attalias><attrtype Sync="TRUE">String</attrtype><attwidth Sync="TRUE">254</attwidth><atprecis Sync="TRUE">0</atprecis><attscale Sync="TRUE">0</attscale></attr><attr><attrlabl Sync="TRUE">engtype_1</attrlabl><attalias Sync="TRUE">engtype_1</attalias><attrtype Sync="TRUE">String</attrtype><attwidth Sync="TRUE">254</attwidth><atprecis Sync="TRUE">0</atprecis><attscale Sync="TRUE">0</attscale></attr><attr><attrlabl Sync="TRUE">nl_name_1</attrlabl><attalias Sync="TRUE">nl_name_1</attalias><attrtype Sync="TRUE">String</attrtype><attwidth Sync="TRUE">254</attwidth><atprecis Sync="TRUE">0</atprecis><attscale Sync="TRUE">0</attscale></attr><attr><attrlabl Sync="TRUE">varname_1</attrlabl><attalias Sync="TRUE">varname_1</attalias><attrtype Sync="TRUE">String</attrtype><attwidth Sync="TRUE">254</attwidth><atprecis Sync="TRUE">0</atprecis><attscale Sync="TRUE">0</attscale></attr><attr><attrlabl Sync="TRUE">Shape_Leng</attrlabl><attalias Sync="TRUE">Shape_Leng</attalias><attrtype Sync="TRUE">Double</attrtype><attwidth Sync="TRUE">19</attwidth><atprecis Sync="TRUE">0</atprecis><attscale Sync="TRUE">0</attscale></attr><attr><attrlabl Sync="TRUE">Shape_Area</attrlabl><attalias Sync="TRUE">Shape_Area</attalias><attrtype Sync="TRUE">Double</attrtype><attwidth Sync="TRUE">19</attwidth><atprecis Sync="TRUE">0</atprecis><attscale Sync="TRUE">0</attscale><attrdef Sync="TRUE">Area of feature in internal units squared.</attrdef><attrdefs Sync="TRUE">Esri</attrdefs><attrdomv><udom Sync="TRUE">Positive real numbers that are automatically generated.</udom></attrdomv></attr></detailed></eainfo><mdDateSt Sync="TRUE">20220408</mdDateSt></metadata>
